coucode,indcode,emp,emp_tele
1,1,0.673550404704208,0.0514552491974763
1,2,0.240989352917799,0.0613270792999678
1,3,0.674872485543295,0.151713530790798
1,4,0.149735531927355,0.0336610348179321
1,5,0.0674909187979715,0.0151721781617935
1,6,0.177406718298111,0.039881607556348
1,7,0.498026660175021,0.111958013790227
1,8,0.600662801633736,0.135030952369002
1,9,0.135519756093942,0.0304652821523283
1,10,0.0848021161534027,0.0190637916580742
1,11,0.116218737843619,0.0261263504439822
1,12,0.153315895441245,0.034465912186387
1,13,0.156416985858897,0.0351630474032492
1,14,0.0799885357720097,0.0179816831249065
1,15,0.0969502680030589,0.0217947357240637
1,16,0.610625142019385,0.225940695651288
1,17,0.0525602024770761,0.00975513194565855
1,18,0.10506060847504,0.0150693935692971
1,19,0.134138168215799,0.0694235516304427
1,20,0.0482187809548391,0.00691627240872901
1,21,0.04953184288624,0.00175173977198166
1,22,0.134082820049414,0.0249588215846452
1,23,0.17001951138784,0.0316482503058467
1,24,0.310333711565641,0.0577670109848008
1,25,0.158959964208943,0.0295895729544654
1,26,0.548123198534698,0.393038576412818
1,27,0.58215510898714,0.443619695576285
1,28,0.0573499609833509,0.0239785228571208
1,29,0.239162853710879,0.19198973215534
1,30,0.913730516474596,0.378993595250993
1,31,0.015059709724363,0.0124463222599976
1,32,0.991833847127509,0.250459415157324
1,33,0.118903678272405,0.0353730770245229
1,34,0.0211568004747664,0.00660834375629156
2,1,0.608468077002992,0.046483346030573
2,2,0.492682447979471,0.125378051731794
2,3,0.654168324722972,0.147059168066878
2,4,0.132420250091225,0.0297685031170994
2,5,0.0846148540310428,0.0190216945236152
2,6,0.199893819836246,0.0449367811553357
2,7,0.73749132385486,0.165790449405457
2,8,0.693587473645594,0.155920721014921
2,9,0.160997851829412,0.0361928409795969
2,10,0.107319135609387,0.0241256909023474
2,11,0.122209626635854,0.0274731217388786
2,12,0.0956212622325282,0.0214959709022526
2,13,0.111166178921129,0.024990518757138
2,14,0.0410533946956385,0.00922893671566633
2,15,0.171345184770849,0.0385189550951391
2,16,0.51173636759983,0.189350327933104
2,17,0.0615978298581117,0.0114325084286763
2,18,0.0550422071156059,0.00789499217630072
2,19,0.14204908977489,0.0735178692926491
2,20,0.0235648360969162,0.00338002791621729
2,21,0.0297385848848386,0.00105173276158671
2,22,0.103808806233143,0.0193234709169539
2,23,0.119375042630968,0.0222210450942761
2,24,0.130322627003031,0.0242588811498161
2,25,0.140696357142754,0.0261898972160742
2,26,0.669399116421043,0.48000098604378
2,27,0.573512749730081,0.437033957989359
2,28,0.0903798123307101,0.037788594074604
2,29,0.180530564774524,0.144922232859846
2,30,0.978158970639386,0.405716979268622
2,31,0.0107485292578906,0.00888328270685693
2,32,0.996513368982711,0.251641095244634
2,33,0.033295598328322,0.00990522565287741
2,34,6.89415072301722e-08,2.15339355966048e-08
3,1,0.633295989224188,0.048380051015786
3,2,0.435931064083894,0.110935933943569
3,3,0.489590476450025,0.110061532237436
3,4,0.092879192570192,0.020879544719442
3,5,0.0727428368108057,0.0163528264208634
3,6,0.189714993008968,0.0426485477625766
3,7,0.673990992877477,0.151515368371137
3,8,0.715786131167593,0.160911051460482
3,9,0.122384219324698,0.0275123707434569
3,10,0.0775489922679893,0.017433265806908
3,11,0.103383537171609,0.023240955567065
3,12,0.144627769446344,0.0325127931914993
3,13,0.153661281486039,0.0345435560931458
3,14,0.110011938025318,0.0247310416478501
3,15,0.249960688430175,0.0561919761332564
3,16,0.786542858499603,0.291032956850164
3,17,0.050187979469733,0.00931484923458543
3,18,0.0870583085017971,0.0124872293558299
3,19,0.0992296261789539,0.051356546521654
3,20,0.0872317367245191,0.0125121050745427
3,21,0.0774136793501476,0.0027378068957487
3,22,0.20050532898065,0.0373230271481041
3,23,0.228795394032295,0.0425890760422264
3,24,0.197268699149582,0.0367205452905522
3,25,0.13179320276829,0.024532621201959
3,26,0.656660076055391,0.470866298251753
3,27,0.603320188968287,0.459748122851311
3,28,0.074884484802635,0.031309861413942
3,29,0.260064039754984,0.208768312307205
3,30,0.979490153536153,0.40626912214104
3,31,0.0125382254292325,0.0103624038654786
3,32,0.997036450851281,0.251773184686087
3,33,0.0848917307477859,0.0252547421082043
3,34,0.000662074196778151,0.000206799411361795
4,1,0.876164166580127,0.0669337368286165
4,2,0.524619600386913,0.133505432691128
4,3,0.929532173632377,0.20896185733796
4,4,0.175539551078764,0.0394618622896611
4,5,0.114383813348124,0.0257138534465355
4,6,0.16998319493327,0.0382127753477252
4,7,0.585664801893848,0.131659353223859
4,8,0.729944166593161,0.164093823894514
4,9,0.19636284017037,0.0441430054366097
4,10,0.144464002578787,0.0324759778667737
4,11,0.150955958447887,0.0339353906710256
4,12,0.0615520352320665,0.0138370978110017
4,13,0.165101751937133,0.0371154110779376
4,14,0.0566311371056483,0.0127308638995395
4,15,0.164499379620435,0.0369799958210192
4,16,0.641875666896888,0.237503870575498
4,17,0.101544112426328,0.0188465068310125
4,18,0.102856712513923,0.014753277223638
4,19,0.331904156520337,0.171777844091912
4,20,0.332876182901006,0.0477461751154082
4,21,0.0075411214848409,0.000266698787296908
4,22,0.232413321710038,0.0432625345164862
4,23,0.477561679657735,0.0888956299833803
4,24,0.0995788733772024,0.0185360908526956
4,25,0.274714083908565,0.0511366020235572
4,26,0.754426885786695,0.540971208644051
4,27,0.392441548078515,0.299052258414385
4,28,0.0979729092394899,0.040963334643937
4,29,0.227358205322634,0.182513464218736
4,30,0.98666311782714,0.409244296414235
4,31,0.0549070439631853,0.045378747400695
4,32,0.919765078772841,0.232260498448145
4,33,0.136780120319859,0.040691203180556
4,34,0.384793341030277,0.12019051158954
5,1,0.83553571127181,0.0638299642263032
5,2,0.502483903770291,0.127872330625284
5,3,0.859250022843502,0.19316220114192
5,4,0.0282362574342073,0.00634760255222567
5,5,0.178809748476966,0.0401970133060264
5,6,0.323955809773804,0.0728263201920428
5,7,0.62253600550247,0.13994811977428
5,8,0.74094268706265,0.166566327085332
5,9,0.218749187357652,0.04917552912967
5,10,0.144912823613308,0.0325768742958015
5,11,0.126701428583265,0.0284828934330174
5,12,0.0562954207533417,0.0126553937711172
5,13,0.0630883261156016,0.0141824610007236
5,14,0.0299411784615496,0.00673087434699937
5,15,0.2370022160158,0.0532788693675283
5,16,0.676236642542436,0.250217960131224
5,17,0.0539740609028395,0.010017542949532
5,18,0.169357907409444,0.0242918920599229
5,19,0.212652914338326,0.110059059060507
5,20,0.212652914670334,0.0305019218081794
5,21,0.0893007297603676,0.00315820350854902
5,22,0.244440384650227,0.0455013099091938
5,23,0.359007400206074,0.0668273656983683
5,24,0.234663824139217,0.0436814538723364
5,25,0.319001822687474,0.0593805349163975
5,26,0.790838794305159,0.567080821823769
5,27,0.741336570142498,0.564920754776794
5,28,0.057951134225001,0.0242298786744366
5,29,0.38143714283623,0.306201459595207
5,30,0.975745071912962,0.404715751728987
5,31,0.025211760980715,0.0208366368045175
5,32,0.998129441076189,0.252049188266017
5,33,0.0980378383444113,0.0291656242890125
5,34,6.66664798294503e-09,2.0823328946186e-09
6,1,0.744613687074862,0.0568840617668614
6,2,0.291682143526265,0.0742274035339704
6,3,0.812294516436942,0.182606450508118
6,4,0.278555864461535,0.0626202647540461
6,5,0.118080988408147,0.0265449904306669
6,6,0.240853634178475,0.0541446807030443
6,7,0.547102426443687,0.122990405740374
6,8,0.501355478158917,0.112706342905008
6,9,0.22872270035789,0.0514176073060174
6,10,0.118744278290877,0.0266941001546555
6,11,0.143586605421258,0.0322787361307036
6,12,0.192159560091503,0.0431980943973721
6,13,0.194547468846516,0.0437349040557738
6,14,0.112487532947613,0.0252875634419884
6,15,0.231234283439305,0.0519822193554317
6,16,0.664116566325649,0.245733345490707
6,17,0.0557368276481823,0.0103447110611415
6,18,0.272943356908905,0.0391496958478267
6,19,0.155115835010692,0.0802805966698424
6,20,0.0853875392438433,0.0122475821666784
6,21,0.141554417593515,0.00500620386299308
6,22,0.232007413779339,0.0431869768602676
6,23,0.239248910742388,0.0445349439647773
6,24,0.118607781837428,0.0220782234766535
6,25,0.20466171563679,0.0380967169686878
6,26,0.671430684065324,0.481457746963458
6,27,0.663656169234374,0.505725953818916
6,28,0.0632895466938498,0.026461915858249
6,29,0.280408273241307,0.225099794714865
6,30,0.964391926926452,0.400006738340177
6,31,0.0315472960869809,0.0260727345159193
6,32,0.982453077007945,0.248090568596304
6,33,0.134082701915271,0.0398887386110893
6,34,0.377591753198795,0.117941089800158
7,1,0.723869624149862,0.0552993386047653
7,2,0.414875382725607,0.105577674648126
7,3,0.757513692551094,0.170291543041324
7,4,0.143348328184838,0.0322251706326003
7,5,0.10818254892784,0.0243197890258898
7,6,0.26482407378606,0.0595333135268387
7,7,0.464590002199757,0.104441344274226
7,8,0.72628388519641,0.163270980725938
7,9,0.262392629466756,0.0589867169319192
7,10,0.113908837748705,0.0256070773862117
7,11,0.16180319421126,0.0363738845676271
7,12,0.0174884928206354,0.00393147009377951
7,13,0.124734678557863,0.028040761627486
7,14,0.0368677004067314,0.0082879790192361
7,15,0.384191109478151,0.0863674115717447
7,16,0.592599632406808,0.219270979812425
7,17,0.0536608050792429,0.00995940291680929
7,18,0.085937410773175,0.0123264531213428
7,19,0.205162083979359,0.106182160672094
7,20,0.0693919574249107,0.00995325205286931
7,21,0.020599324145933,0.000728514290599863
7,22,0.163006001182283,0.030342721753881
7,23,0.163006001119394,0.0303427217421745
7,24,0.163006001135678,0.0303427217452057
7,25,0.18884470699864,0.0351524628393601
7,26,0.710253474449505,0.509296113056635
7,27,0.709583588903427,0.540724028417347
7,28,0.0132935268222395,0.00555814042927347
7,29,0.210364571981961,0.168871700613732
7,30,0.920656933678382,0.381866507680797
7,31,0.0860052560172131,0.0710803297033077
7,32,0.994256606912434,0.251071214200638
7,33,0.118104639856048,0.0351353682516909
7,34,1.3821806789701e-08,4.31725254054027e-09
8,1,0.679535247249838,0.0519124556106004
8,2,0.221277008973159,0.0563106731158592
8,3,0.702251759996623,0.157868480780292
8,4,0.179838816324785,0.0404283511068113
8,5,0.0742354467006326,0.0166883699810614
8,6,0.27059886320976,0.0608315049804989
8,7,0.299324493945538,0.0672891202433426
8,8,0.411131866902666,0.0924237815062237
8,9,0.192105837902374,0.0431860174744433
8,10,0.0472818158701901,0.0106291060630397
8,11,0.0778818870409894,0.0175081016351207
8,12,0.0976764272526298,0.0219579786862955
8,13,0.113800163737117,0.0255826471147805
8,14,0.0605446324478099,0.0136106303870038
8,15,0.114077814913757,0.0256450640027684
8,16,0.30991326720658,0.114672676189929
8,17,0.0117679772477232,0.00218412725550507
8,18,0.261229653282898,0.0374695379593796
8,19,0.198985044213022,0.102985217961114
8,20,0.198985044213022,0.0285414675316906
8,21,0.170118860031899,0.00601641198302446
8,22,0.186914323015876,0.0347931318721423
8,23,0.190560757192477,0.0354718966833268
8,24,0.290211690148605,0.0540214010529309
8,25,0.207483757218101,0.0386220253736456
8,26,0.57203774159682,0.410186797808714
8,27,0.35072651346887,0.267264147876832
8,28,0.0756366138494559,0.0316243331804692
8,29,0.149047031698089,0.119648596135492
8,30,0.963666422052568,0.399705816246006
8,31,0.0374222112268854,0.030928145969375
8,32,0.977560175289448,0.246855005496309
8,33,0.159075404323063,0.0473239063045261
8,34,0.261229653282898,0.0815952936876818
9,1,0.778036323379722,0.0594373526087821
9,2,0.10422520011334,0.026523275966412
9,3,0.718183835533589,0.161450063204108
9,4,0.239238115332581,0.0537815068095755
9,5,0.228156175358323,0.0512902506426378
9,6,0.113767812377367,0.0255753744238372
9,7,0.572608505160515,0.128724255232908
9,8,0.592883850318229,0.133282218800504
9,9,0.266080528649112,0.0598157686685671
9,10,0.17550287717537,0.0394536178768411
9,11,0.0757062218844609,0.0170190050283007
9,12,0.302623759754591,0.0680308059330561
9,13,0.163076842108836,0.0366602047594629
9,14,0.257069319957855,0.0577900196322248
9,15,0.305906569924449,0.0687687923415316
9,16,0.6747324017106,0.249661367884058
9,17,0.0485236311093818,0.009005947497271
9,18,0.0623135261960263,0.00893795557220401
9,19,0.143056115250648,0.0740390579001825
9,20,0.128217614940795,0.0183909243445746
9,21,0.0234772664095754,0.000830295400102853
9,22,0.128958543136467,0.024004964012337
9,23,0.265078436494217,0.0493429762288535
9,24,0.0265885081274182,0.00494931289712995
9,25,0.214682328920275,0.0399620021634582
9,26,0.857612526540654,0.614961759411832
9,27,0.413298832893326,0.314946136518784
9,28,0.0495295113836273,0.020708724129021
9,29,0.299798409861179,0.240665368876331
9,30,0.977636071660446,0.405500093260758
9,31,0.0133002207495414,0.0109921662905692
9,32,0.996749448101975,0.2517007103085
9,33,0.0189841254042675,0.00564765480702713
9,34,0.00256399450157938,0.00080086575831193
10,1,0.705325303745795,0.0538826627020789
10,2,0.445425851825281,0.113352171813426
10,3,0.792577479395126,0.178173996421715
10,4,0.23103510265925,0.0519374428679394
10,5,0.14945082797406,0.0335970324428024
10,6,0.132694093545748,0.0298300640167651
10,7,0.507822853746058,0.114160229981891
10,8,0.618184410558982,0.138969867070858
10,9,0.141603270872768,0.0318328760704161
10,10,0.117382356452996,0.0263879356937948
10,11,0.149909239853957,0.0337000849250792
10,12,0.137672950252853,0.0309493272057632
10,13,0.165878666536948,0.0372900640080625
10,14,0.0907492366244491,0.0204007236919447
10,15,0.170531804982755,0.0383361046720311
10,16,0.718371062066585,0.265808343499105
10,17,0.0837654492905038,0.0155468010358717
10,18,0.169236748645648,0.024274513623585
10,19,0.170145811452409,0.0880593993729417
10,20,0.142801020033602,0.0204826985510433
10,21,0.0484735164682486,0.00171431107217753
10,22,0.206428928070062,0.0384256743981927
10,23,0.117723362478039,0.0219135933995947
10,24,0.154134658703193,0.0286913673591099
10,25,0.141089758216378,0.02626312678571
10,26,0.731750218073807,0.52471062120771
10,27,0.492353760944292,0.375188368484748
10,28,0.0788829838121207,0.0329816690010642
10,29,0.203104335470515,0.163043492588995
10,30,0.960643379178133,0.398451930262204
10,31,0.0270596223246087,0.0223638294396243
10,32,0.988752328979487,0.24968126543458
10,33,0.0569828502347399,0.016952030245965
10,34,6.26058771656204e-08,1.95549964167799e-08
11,1,0.859974336246504,0.0656969299787308
11,2,0.575397296216225,0.146427363644053
11,3,0.887573185439276,0.199529340257255
11,4,0.14109158833033,0.0317178481698566
11,5,0.102661049959188,0.0230785380907334
11,6,0.202395203472827,0.0454991003363621
11,7,0.805287395331934,0.181031226882482
11,8,0.711014665711944,0.159838410499664
11,9,0.178643573358838,0.0401596565987361
11,10,0.130267514762446,0.0292845612101713
11,11,0.121553767238896,0.0273256824122705
11,12,0.0831369243156178,0.0186894511143921
11,13,0.143780519769974,0.032322328707294
11,14,0.0569363551388681,0.0127994779065893
11,15,0.148656226046205,0.0334184033437792
11,16,0.711208830047246,0.263158207477005
11,17,0.0933798663459997,0.0173312292255816
11,18,0.103805610247869,0.0148893825976445
11,19,0.22186589345621,0.114827259938513
11,20,0.120370593661289,0.0172653849656967
11,21,0.0173707794192435,0.000614333798338493
11,22,0.249676488032565,0.0464759833988354
11,23,0.399551229122235,0.0743743891865671
11,24,0.0851931782306342,0.0158582683068842
11,25,0.323384451076376,0.0601963384622217
11,26,0.632357187758782,0.453439609061523
11,27,0.715564395870953,0.54528158313992
11,28,0.108901813553442,0.0455328056148319
11,29,0.281622781570389,0.226074750169623
11,30,0.920847897818186,0.381945715045116
11,31,0.0283253406749057,0.0234099012940308
11,32,0.996812444565777,0.25171661827285
11,33,0.082437513842754,0.0245246284155253
11,34,1.80632702523231e-08,5.64207708686937e-09
12,1,0.741269434722945,0.0566285807561675
12,2,0.609724164381703,0.155162880548079
12,3,0.750798015113204,0.168781836900416
12,4,0.230599358680463,0.0518394862035936
12,5,0.0962794431000901,0.0216439321030066
12,6,0.19622025795358,0.0441109524903114
12,7,0.674942529995034,0.151729277011474
12,8,0.762035388498528,0.171308035003943
12,9,0.183856391619699,0.0413315151063315
12,10,0.0997530924521308,0.0224248197806291
12,11,0.142000128865638,0.0319220910385923
12,12,0.0503261753066044,0.0113134879707165
12,13,0.098622228898864,0.0221705979740153
12,14,0.203543951936856,0.0457573427291128
12,15,0.211750970889859,0.0476023072954557
12,16,0.716669606373144,0.265178778719436
12,17,0.0625381751503965,0.0116070357700563
12,18,0.119377513275904,0.0171229422424864
12,19,0.122884706255393,0.0635992936446575
12,20,0.0488976043962538,0.00701363961182467
12,21,0.074048791216058,0.00261880449185487
12,22,0.264259668005753,0.0491905667209449
12,23,0.250908144400186,0.0467052498441691
12,24,0.267126120546303,0.0497241419956452
12,25,0.196267288063444,0.0365341378102904
12,26,0.611663756266819,0.438601125894892
12,27,0.601098721621146,0.458055297944241
12,28,0.0626689771082013,0.026202450258992
12,29,0.227785949528211,0.182856839012043
12,30,0.958497732120482,0.397561967108017
12,31,0.0287901468977215,0.0237940473462126
12,32,0.990883091336218,0.25021932883628
12,33,0.0514760724324925,0.0153137993839259
12,34,0.421711380191398,0.131721891009406
13,1,0.696456947886721,0.0532051730034409
13,2,0.303806386999377,0.0773127864852299
13,3,0.656629302829837,0.147612403953344
13,4,0.130958427422105,0.029439880624298
13,5,0.238253979652071,0.0535602699062111
13,6,0.213299913513127,0.0479505146374384
13,7,0.727461961853557,0.163535816191937
13,8,0.610748933780162,0.137298347695876
13,9,0.250344714572556,0.0562783064596879
13,10,0.160751590224842,0.0361374805695522
13,11,0.198909349140173,0.0447154689393825
13,12,0.177499927055192,0.0399025611882418
13,13,0.190269678561815,0.042773242879808
13,14,0.0828647119747501,0.0186282568943838
13,15,0.239953548603856,0.0539423385369839
13,16,0.605024034750412,0.223868199801241
13,17,0.0405452353877699,0.00752516357120173
13,18,0.0538854728496334,0.00772907571948547
13,19,0.189331582487673,0.0979890441843553
13,20,0.0465226959349909,0.00667299404719968
13,21,0.033853936789311,0.00119727601591952
13,22,0.231974049797015,0.0431807663279872
13,23,0.156386192749111,0.0291104787450661
13,24,0.190210272846597,0.0354066558399898
13,25,0.217728367297586,0.0405290064103205
13,26,0.687237518742545,0.492792234932104
13,27,0.573698443077173,0.437175461902724
13,28,0.0571631882448474,0.0239004315332123
13,29,0.234962688017857,0.188618018388343
13,30,0.916278370525403,0.380050384259874
13,31,0.0287937339088214,0.0237970118851657
13,32,0.973830250275068,0.245913119070082
13,33,0.0690167570561708,0.0205320398729607
13,34,5.78901600638925e-09,1.80820383623326e-09
14,1,0.801695695645973,0.061244788084009
14,2,0.382822283956457,0.0974207876063327
14,3,0.842729277803217,0.189448283898222
14,4,0.187682388491892,0.042191611653026
14,5,0.185379826175732,0.0416739881517964
14,6,0.195179932503039,0.0438770839438023
14,7,0.718919632248137,0.161615472699827
14,8,0.486286502330075,0.109318788104112
14,9,0.1879229698955,0.0422456951354108
14,10,0.0991068867392404,0.0222795506336126
14,11,0.166276271114987,0.0373794468110142
14,12,0.17931079479562,0.0403096501488686
14,13,0.187197769533602,0.0420826677342482
14,14,0.0459966636814914,0.0103401996691243
14,15,0.281919285339233,0.0633763727119521
14,16,0.645554599467595,0.238865132218821
14,17,0.0606692306500848,0.0112601611512303
14,18,0.16668325731748,0.0239082529826228
14,19,0.134468973944372,0.0695947609803445
14,20,0.0833544230096702,0.011955961652105
14,21,0.0466131934280425,0.00164851901461675
14,22,0.18837789358003,0.0350655679424293
14,23,0.236359205242351,0.0439970402722608
14,24,0.295650655943908,0.0550338363286802
14,25,0.243575999478766,0.0453404090923185
14,26,0.674264193053484,0.483489549926618
14,27,0.597790507283004,0.455534339156916
14,28,0.0752417628897935,0.031459242523055
14,29,0.198233861389086,0.159133683854677
14,30,0.982117835823229,0.407359021995758
14,31,0.0197570347948972,0.0163284967944279
14,32,0.985872636027614,0.248954080922126
14,33,0.0500668603281622,0.0148945678762498
14,34,0.330461464162701,0.103219905864271
15,1,0.612339742436604,0.0467791182672229
15,2,0.375005464729382,0.0954315599213411
15,3,0.673229909144954,0.151344274271493
15,4,0.0828623151397136,0.0186277180780683
15,5,0.107978638072308,0.0242739492020386
15,6,0.20526879603591,0.0461450932952371
15,7,0.485926568948536,0.109237873908716
15,8,0.574860708128802,0.129230557788866
15,9,0.18798008591653,0.0422585350027945
15,10,0.121564093162601,0.02732800371352
15,11,0.155112174869591,0.0348697216469875
15,12,0.153044773887428,0.0344049631788573
15,13,0.149161418547609,0.0335319722619956
15,14,0.141127378185128,0.0317258938456757
15,15,0.247702311952501,0.0556842857522996
15,16,0.440375952669051,0.1629458766881
15,17,0.0597706860261952,0.0110933919807932
15,18,0.146310269152911,0.0209860485399609
15,19,0.178066758721706,0.0921589058670771
15,20,0.0391151376704498,0.00561048915125299
15,21,0.141557896069861,0.0050063268825499
15,22,0.311426624005614,0.0579704509675434
15,23,0.147732345395136,0.0274996099398828
15,24,0.30610895507604,0.0569805944742915
15,25,0.266801597568872,0.0496637337264066
15,26,0.61052879332574,0.437787286561261
15,27,0.655521357547766,0.499526982740122
15,28,0.0842586504009357,0.0352292824599397
15,29,0.218827910077848,0.175665707245438
15,30,0.886966184724468,0.367892389664024
15,31,0.02803003385232,0.0231658405553612
15,32,0.990914198142889,0.250227183975151
15,33,0.0536664574242448,0.0159654247848584
15,34,4.7965358570388e-08,1.4982018580974e-08
16,1,0.785896784974558,0.06003784517377
16,2,0.6448331603523,0.164097433688962
16,3,0.751061337926329,0.168841032725661
16,4,0.354195013311208,0.0796241915458703
16,5,0.146229117827333,0.0328727815183465
16,6,0.16829017896038,0.0378321798479313
16,7,0.725555563068116,0.163107251541532
16,8,0.600637833326899,0.135025339412378
16,9,0.259417538631207,0.0583179068311174
16,10,0.121886519189477,0.0274004861335388
16,11,0.179039077981601,0.0402485673249085
16,12,0.14587903197103,0.0327940810786673
16,13,0.142853583317111,0.0321139503764314
16,14,0.093917964082223,0.0211130639355177
16,15,0.147726138648282,0.0332093166702141
16,16,0.685861298714628,0.253779230968775
16,17,0.0408754608545096,0.0075864531562498
16,18,0.0350813228997412,0.00503189796234041
16,19,0.216462811354925,0.112030880994239
16,20,0.0159689799818925,0.00229051447293433
16,21,0.0752080687091347,0.00265980342048447
16,22,0.188412699361727,0.0350720468581857
16,23,0.212023944340001,0.0394671576605012
16,24,0.0562137264428061,0.0104638936470533
16,25,0.235562944250044,0.0438488204180358
16,26,0.631648073756329,0.452931130021075
16,27,0.544704985548481,0.415081575575831
16,28,0.0542091108449441,0.0226653058026848
16,29,0.210367295670183,0.168873887074398
16,30,0.964432216419774,0.400023449459757
16,31,0.0463846715532918,0.0383353053042217
16,32,0.990550964495894,0.250135459653527
16,33,0.0435083870475383,0.012943464395773
16,34,3.11570908235596e-08,9.73194254271346e-09
17,1,0.705848053032294,0.0539225976417905
17,2,0.694283124278903,0.17668148282802
17,3,0.534458700230386,0.120148054944834
17,4,0.232474808652714,0.0522610934600853
17,5,0.124586607512527,0.0280074747746701
17,6,0.198112057893893,0.0445362352728265
17,7,0.806311866940389,0.181261531433701
17,8,0.710155154469407,0.159645189575485
17,9,0.241059748365223,0.0541910158429224
17,10,0.160938247004758,0.0361794416210601
17,11,0.234696262626321,0.0527604835419819
17,12,0.191256216008634,0.042995019708054
17,13,0.330965117796864,0.0744020354439732
17,14,0.103493855543913,0.0232657554961358
17,15,0.231914166923437,0.0521350593750111
17,16,0.748579011493411,0.27698574946887
17,17,0.0846169608117593,0.0157048408997158
17,18,0.166198202754266,0.023838679065036
17,19,0.191424058897665,0.0990720106958024
17,20,0.0120428088551525,0.00172736317590646
17,21,0.0952908358991128,0.00337004919306617
17,22,0.221300817277649,0.0411939994470092
17,23,0.10737817688119,0.0199878907519577
17,24,0.115188683988015,0.0214417761437849
17,25,0.239864023365997,0.0446494439896236
17,26,0.65816323986378,0.471944160609967
17,27,0.638099393530512,0.486250922366587
17,28,0.0354370124868569,0.0148165264515325
17,29,0.286797371353122,0.230228690010136
17,30,0.92388443537795,0.383205198302094
17,31,0.0745073193346595,0.0615776880259189
17,32,0.992375241680718,0.25059612894619
17,33,0.102772645290972,0.0305741988028576
17,34,0.000652249855848058,0.000203730770518749
18,1,0.866429585521901,0.0661900726712117
18,2,0.763619375448697,0.19432620332031
18,3,0.88233790620928,0.19835243245071
18,4,0.0972994534082783,0.0218732337394093
18,5,0.149489537011865,0.0336057343604603
18,6,0.121911691028164,0.0274061448447849
18,7,0.945997589381244,0.212663336376905
18,8,0.835809553659224,0.187892707393813
18,9,0.346825212172058,0.0779674362683953
18,10,0.134983663855062,0.0303447668725795
18,11,0.192782962427655,0.0433382372710954
18,12,0.200912665320569,0.0451658209355432
18,13,0.293614927352248,0.0660055910941939
18,14,0.278595601915789,0.0626291978630684
18,15,0.222458277904611,0.0500093447540376
18,16,0.820817900575793,0.30371524966333
18,17,0.0608574595560631,0.0112950962870796
18,18,0.0464279059745213,0.00665939782648986
18,19,0.561435399226136,0.290572325116508
18,20,0.395060550515682,0.056665604795525
18,21,0.0170016671910091,0.00060127980048891
18,22,0.171346100315461,0.0318951879548941
18,23,0.207782109455283,0.038677562095311
18,24,0.08276528845833,0.0154063292170605
18,25,0.376187686612284,0.070025386914119
18,26,0.79567848360052,0.57055118139989
18,27,0.654748658213085,0.498938162615844
18,28,0.156714747055255,0.0655238134408366
18,29,0.282774914943198,0.226999633671473
18,30,0.998800956541868,0.414278782020363
18,31,0.0210369094237784,0.0173862683169214
18,32,0.995983833181889,0.251507376046239
18,33,0.0697182944554477,0.0207407427223659
18,34,1.95803354977113e-08,6.11593364444314e-09
19,1,0.916565764397509,0.0700201788664364
19,2,0.353631222751714,0.0899922331756973
19,3,0.903309464156188,0.203066906918799
19,4,0.0933318249321658,0.0209812979472832
19,5,0.0765883164128012,0.0172173027486145
19,6,0.219761784490089,0.0494031642600413
19,7,0.768607605640022,0.1727854908034
19,8,0.771160022940544,0.173359282518144
19,9,0.0995757717753077,0.0223849575154763
19,10,0.128582917627475,0.0289058582925366
19,11,0.196741992795766,0.0442282401805644
19,12,0.237604640234517,0.0534142962921892
19,13,0.18873148558707,0.0424274520937926
19,14,0.0895428890087685,0.0201295328224746
19,15,0.335617896395614,0.0754479952131522
19,16,0.687400511155652,0.2543487632493
19,17,0.0431774133801003,0.00801369372157244
19,18,0.195718295539077,0.0280729006523037
19,19,0.481090780859159,0.248989762631722
19,20,0.522356260245829,0.074924295445145
19,21,0.072004684704995,0.00254651276061806
19,22,0.112601799692094,0.0209602410479524
19,23,0.475318335987762,0.0884780431934303
19,24,0.290646902549056,0.0541024135842178
19,25,0.142335416426805,0.0264949996014671
19,26,0.740204743108991,0.530773043839992
19,27,0.543195778954939,0.413931514777166
19,28,0.159313698316396,0.0666104578107933
19,29,0.307825612108394,0.247109264261785
19,30,0.994287580667146,0.412406741502247
19,31,0.0878014639951872,0.0725648326418788
19,32,0.974324334328596,0.246037885938488
19,33,0.0841743957075084,0.0250413395625405
19,34,0.0417697182684328,0.0130468053168282
20,1,0.778922309160485,0.0595050366585818
20,2,0.537840277010796,0.136869836445466
20,3,0.714492792173012,0.160620304645964
20,4,0.174765659687774,0.0392878889867177
20,5,0.11643255344356,0.0261744168866068
20,6,0.201307097556289,0.0452544905856188
20,7,0.674504875556711,0.151630890869607
20,8,0.668180076495249,0.150209055459642
20,9,0.201580793278274,0.0453160182745291
20,10,0.120180755537755,0.0270170249140626
20,11,0.156816420699595,0.0352528416552025
20,12,0.162388465099724,0.0365054553678301
20,13,0.17213898445403,0.0386974038469489
20,14,0.115404253742512,0.0259432517677154
20,15,0.236971058935094,0.0532718651544002
20,16,0.71371825678147,0.264086733970595
20,17,0.0485759013583323,0.00901564881407182
20,18,0.0935302183966533,0.0134155293035099
20,19,0.181491704921207,0.0939314955220214
20,20,0.0456413952178163,0.00654658446750299
20,21,0.0351132885026768,0.00124181416258777
20,22,0.194960819108955,0.0362909453898971
20,23,0.223144124728245,0.0415371215693522
20,24,0.273185006149661,0.0508519721286947
20,25,0.303437551043388,0.0564833264677945
20,26,0.790836579282296,0.567079233513996
20,27,0.608234852623104,0.463493244315938
20,28,0.104107466802748,0.0435282470907231
20,29,0.24194171619265,0.194220484361604
20,30,0.951359533795336,0.394601212927124
20,31,0.0126484991948212,0.0104535412677566
20,32,0.981987865199312,0.247973092591778
20,33,0.0354187431542028,0.0105368475383505
20,34,3.45545556276081e-07,1.07931434247576e-07
21,1,0.801337578998382,0.0612174300997886
21,2,0.229418472902976,0.0583825165313319
21,3,0.87037495141418,0.195663121285218
21,4,0.00960374967269734,0.00215895417710344
21,5,0.0323749663814979,0.00727799779096983
21,6,0.263201710655196,0.0591686010158374
21,7,0.36678192040492,0.0824537692184368
21,8,0.496968576337397,0.111720153100516
21,9,0.0671529435571084,0.0150962002278732
21,10,0.0302520404544262,0.00680075713454554
21,11,0.0407962271668794,0.00917112461837601
21,12,0.059855583894005,0.0134557300299387
21,13,0.0529858025670301,0.0119113808333093
21,14,0.0462901725088826,0.010406181408602
21,15,0.096426327158809,0.0216769521173685
21,16,0.686605927330943,0.25405475501126
21,17,0.0257898241144665,0.00478657092696084
21,18,0.12504814101913,0.0179363100926066
21,19,0.16185016679869,0.0837659672902944
21,20,0.161850166798317,0.0232150174850708
21,21,0.100156598752882,0.00354213142977103
21,22,0.118481787019886,0.0220547701947905
21,23,0.133478492395267,0.0248463291259322
21,24,0.110559540113813,0.0205800850188274
21,25,0.12223791817103,0.0227539545288862
21,26,0.734964989770486,0.527015813351617
21,27,0.567192619875691,0.432217829025233
21,28,0.0246205268695603,0.0102940587259945
21,29,0.215134977150495,0.17270117829544
21,30,0.940993618899385,0.390301679001476
21,31,0.00876877169626803,0.00724708247062272
21,32,0.950778393385699,0.240092028560292
21,33,0.0244860477197883,0.00728444119309662
21,34,0.329368738433825,0.102878592098214
22,1,0.844595554821348,0.064522082446819
22,2,0.374676301295654,0.0953477942621595
22,3,0.886310622104238,0.199245511911147
22,4,0.0364066608636481,0.00818433582972447
22,5,0.106067408700522,0.023844298620105
22,6,0.138547743490433,0.0311459835721557
22,7,0.47877999781853,0.107631301463689
22,8,0.560919625636032,0.126096557080094
22,9,0.109157366018711,0.0245389310799804
22,10,0.0347046365692578,0.00780171522994437
22,11,0.0395853079063266,0.00889890602826243
22,12,0.0528857200185208,0.011888881950735
22,13,0.068050980900222,0.0152980819448261
22,14,0.0376722577801532,0.00846884613481768
22,15,0.0600735530537263,0.0135047302063175
22,16,0.438151168163928,0.162122672197863
22,17,0.0245919185834598,0.00456424060929317
22,18,0.163893559696846,0.0235081120354603
22,19,0.163893559173585,0.0848235302339866
22,20,0.163893559143624,0.0235081119561087
22,21,0.0864669115932182,0.00305798288882848
22,22,0.102132438050846,0.0190114236736404
22,23,0.133851228850081,0.0249157120839455
22,24,0.0111634165933168,0.00207801210419783
22,25,0.131306188555108,0.024441966031882
22,26,0.539790210415296,0.387063303341965
22,27,0.469855974726375,0.35804437898941
22,28,0.000504220484201442,0.000210819017103826
22,29,0.0835207618900493,0.0670469032120899
22,30,0.999999998135487,0.414776115836218
22,31,0.00455318681463468,0.00376304931782556
22,32,0.98094107025452,0.24770875431534
22,33,0.0485017685479923,0.0144289631708717
22,34,0.301071280013108,0.0940398580516131
23,1,0.70766340704306,0.0540612799027664
23,2,0.130098027421092,0.0331074047372713
23,3,0.197450151383618,0.0443874365354674
23,4,0.109498066752504,0.0246155217135801
23,5,0.0456209857001592,0.0102557460364616
23,6,0.130684887616258,0.029378387985843
23,7,0.781290328236805,0.175636608112841
23,8,0.414458798417415,0.0931716865366021
23,9,0.0673370119879068,0.0151375794100769
23,10,0.0368251550871259,0.00827841469294595
23,11,0.0384699400779763,0.00864816771103312
23,12,0.0872702797514594,0.0196186428663421
23,13,0.0850856587286569,0.0191275329516412
23,14,0.13429872199819,0.0301907897143483
23,15,0.116455642460134,0.0261796073726645
23,16,0.705236203845908,0.260948243906995
23,17,0.0168217848951017,0.00312210995162687
23,18,0.108266375046071,0.0155292134661298
23,19,0.0887931487202421,0.0459551209517953
23,20,0.00237129341334469,0.000340127039359978
23,21,0.0181725128791028,0.000642687849113257
23,22,0.0639501108758744,0.0119039814875687
23,23,0.0426293729705097,0.00793523669806568
23,24,0.0276379905326253,0.00514466860413354
23,25,0.0759279750879082,0.01413359879218
23,26,0.84114934526928,0.603156629931043
23,27,0.396271249942093,0.301970606374646
23,28,0.0448495711584282,0.0187519999789824
23,29,0.171067846879185,0.137325966775883
23,30,0.924911406966582,0.383631161589496
23,31,0.0524416888857312,0.0433412178373147
23,32,0.975950449541863,0.246448515063994
23,33,0.0852708857012948,0.0253675382602626
23,34,3.6246958045186e-08,1.13217666900133e-08
24,1,0.71180951683136,0.0543780180575758
24,2,0.162650086593833,0.0413912674477741
24,3,0.706216414131027,0.158759747930723
24,4,0.100928846746429,0.0226891331719015
24,5,0.139501125770803,0.0313603070110968
24,6,0.190969429743614,0.0429305492224726
24,7,0.581510519594006,0.130725457044786
24,8,0.58148469973031,0.130719652655409
24,9,0.170507595675869,0.0383306623410658
24,10,0.160238807791448,0.0360222054099269
24,11,0.134122774464485,0.0301512361362366
24,12,0.109856174365797,0.0246960254703335
24,13,0.121525160755505,0.0273192515817184
24,14,0.0810931595729803,0.0182300061498197
24,15,0.190585761131288,0.0428442992699608
24,16,0.595159898236429,0.220218317553357
24,17,0.058591149302349,0.0108744708991842
24,18,0.0619177559533181,0.00888118817253868
24,19,0.165441073806351,0.0856244503854672
24,20,0.0468382801693871,0.00671825994753484
24,21,0.0486091484511193,0.00171910782361868
24,22,0.205697098460444,0.0382894481117073
24,23,0.11188095530661,0.020826059603969
24,24,0.183862773306447,0.0342251017193887
24,25,0.163882604136463,0.0305058968476469
24,26,0.638896318530141,0.458128574345647
24,27,0.480713038679595,0.36631778814004
24,28,0.0534039944342734,0.0223286795535141
24,29,0.240341213056409,0.192935668748841
24,30,0.982556756660297,0.407541075876055
24,31,0.0263686640234319,0.0217927766210726
24,32,0.99040339732404,0.250098195763344
24,33,0.0760608577666045,0.0226276143801498
24,34,3.95896638341783e-09,1.23658635493731e-09
25,1,0.730082320355643,0.0557739516837925
25,2,0.503087047454184,0.128025818902187
25,3,0.785255908686612,0.176528083501989
25,4,0.368784487280298,0.082903952768391
25,5,0.126152609978291,0.0283595172247588
25,6,0.353631961029241,0.0794976155607072
25,7,0.641827859946401,0.14428499142913
25,8,0.743385257607842,0.167115424892036
25,9,0.316470176652141,0.0711435255079807
25,10,0.14380358098911,0.0323275129443971
25,11,0.142592354058312,0.0320552251890113
25,12,0.0744096915599324,0.0167275407924262
25,13,0.133973064197813,0.0301175807811303
25,14,0.138617275298702,0.0311616145489116
25,15,0.297859952849436,0.0669598866393099
25,16,0.59095522173867,0.218662522569628
25,17,0.0475733438975745,0.00882957494350289
25,18,0.287056599239588,0.0411740321457691
25,19,0.192037256533618,0.0993893726987691
25,20,0.065458623426268,0.00938907334759248
25,21,0.121444357083676,0.00429499283672559
25,22,0.198426704162957,0.0369361019182567
25,23,0.30728147807948,0.0571988535505546
25,24,0.112464769492877,0.020934733587021
25,25,0.230740232899096,0.0429510977111433
25,26,0.669398570657863,0.480000594697484
25,27,0.524900165065171,0.399989706934439
25,28,0.0160004780484637,0.00668994053407163
25,29,0.305113347651464,0.244931974107646
25,30,0.964773499373285,0.40016500547788
25,31,0.0102813917644733,0.00849720994123164
25,32,0.984872250856342,0.248701462113387
25,33,0.0727274760726412,0.0216359548358373
25,34,0.299578923289555,0.0935737192208378
26,1,0.709865856396991,0.0542295339481353
26,2,0.394021356799011,0.100270732717956
26,3,0.702842093795626,0.158001189739259
26,4,0.156958115504976,0.0352846951085281
26,5,0.131191425904142,0.0294922594412389
26,6,0.19671045581901,0.044221150565568
26,7,0.398354581220768,0.0895514061075395
26,8,0.50034146515488,0.112478389482094
26,9,0.194698455459149,0.0437688463376055
26,10,0.0850314060076255,0.0191153367634145
26,11,0.120894143755668,0.0271773969068205
26,12,0.108636991745706,0.0244219492501067
26,13,0.131872805682177,0.0296454358325566
26,14,0.0820943149914389,0.0184550691456573
26,15,0.155761473823176,0.0350156861645775
26,16,0.501403581827807,0.185527038250622
26,17,0.0223486555674801,0.00414789277046508
26,18,0.181310035403626,0.0260062484047916
26,19,0.181362790233663,0.093864775396157
26,20,0.181357873976872,0.0260131101420165
26,21,0.12002656913252,0.00424485144489447
26,22,0.195071546393029,0.0363115566995842
26,23,0.354612136411797,0.0660092101373623
26,24,0.295692433396235,0.0550416129847685
26,25,0.253489034659754,0.0471856691812204
26,26,0.585927758970574,0.420146808020878
26,27,0.556197327930044,0.423839085988542
26,28,0.071186280691952,0.0297636097639356
26,29,0.198385071288321,0.159255068708566
26,30,0.986633688720224,0.409232089923553
26,31,0.015744660996155,0.0130124104793028
26,32,0.94651961391246,0.239016594989195
26,33,0.106412130642018,0.0316569222099269
26,34,0.321745880626295,0.100497586290764
27,1,0.956943590696623,0.0731048049014927
27,2,0.723780988275436,0.184188112571584
27,3,0.984270884456307,0.221267297651399
27,4,0.542191876837928,0.12188649821003
27,5,0.0985579360551096,0.0221561447335299
27,6,0.374230202147535,0.0841281671909472
27,7,0.912768265401598,0.205193276217785
27,8,0.818909784007273,0.184093584184063
27,9,0.332348587627312,0.07471304396368
27,10,0.110393810933947,0.0248168879203276
27,11,0.248287644031196,0.0558158703082657
27,12,0.554893532593747,0.124741871755231
27,13,0.355797509658534,0.0799844379392855
27,14,0.37681256840591,0.0847086915288711
27,15,0.432674569766207,0.0972666512100816
27,16,0.833647149686696,0.308462269183711
27,17,0.0558123803192369,0.0103587335770423
27,18,0.190154358368151,0.027274835990005
27,19,0.651921420661946,0.33740359666687
27,20,0.0605687724157475,0.00868769639535195
27,21,0.0752818357537496,0.00266241226074528
27,22,0.322456097492898,0.0600235302571962
27,23,0.42879091021604,0.0798172041821292
27,24,0.0800373946476701,0.0148985459313493
27,25,0.529840871890666,0.0986271304921721
27,26,0.865545921197168,0.620650499005875
27,27,0.741635228506899,0.56514834142965
27,28,0.0912431637397275,0.0381495688885338
27,29,0.276450679067632,0.221922807011323
27,30,0.995578338985896,0.412942117225179
27,31,0.017584768729753,0.0145331950272562
27,32,0.993213443528728,0.250807792971616
27,33,0.0994154010844469,0.0295754403150378
27,34,5.60971667108023e-08,1.75219954369339e-08
28,1,0.658717619034967,0.0503221124974268
28,2,0.472991141200064,0.120366999094989
28,3,0.641399013049832,0.14418858525131
28,4,0.0330311840482809,0.00742551765780037
28,5,0.0782937292968476,0.0176006851143758
28,6,0.11215309397553,0.0252123804727971
28,7,0.405743968724328,0.091212564463468
28,8,0.537294486623037,0.120785548953574
28,9,0.123866623680744,0.027845620066452
28,10,0.195427959079913,0.0439328411253641
28,11,0.0859883061743604,0.0193304510346576
28,12,0.0547831099872216,0.0123154213898216
28,13,0.139889623419741,0.0314476425467526
28,14,0.0759590392966015,0.0170758392052198
28,15,0.0892646916223447,0.0200669931447499
28,16,0.677468312912241,0.250673697114549
28,17,0.051030780434919,0.00947127242612285
28,18,0.103911214134328,0.0149045299164217
28,19,0.147783041981026,0.0764854909049316
28,20,0.12114774485899,0.0173768558340935
28,21,0.10822371312693,0.00382743244565694
28,22,0.057222871612847,0.0106517407869238
28,23,0.216485462663527,0.040297646158524
28,24,0.111359387592949,0.0207289724789758
28,25,0.0761501724832945,0.0141749596849922
28,26,0.732262727009972,0.525078122133063
28,27,0.688423348493631,0.524599289041192
28,28,0.0687925777690562,0.0287627815285602
28,29,0.202477562489888,0.162540345989071
28,30,0.996279307795765,0.413232862346001
28,31,0.017718385153449,0.0146436243183241
28,32,0.997439622147807,0.251874994124662
28,33,0.0694172338236184,0.0206511791270804
28,34,0.000216889443458309,6.77455932522848e-05
29,1,0.791551668771923,0.0604698446988894
29,2,0.511012055278034,0.130042578470117
29,3,0.891900167128009,0.200502059820917
29,4,0.0747069751337208,0.0167943711071771
29,5,0.178154735415125,0.0400497642383065
29,6,0.157368060153954,0.0353768519995816
29,7,0.351549675213136,0.0790295109334715
29,8,0.48464665290356,0.108950144616948
29,9,0.09009183420424,0.0202529374886888
29,10,0.119088936039003,0.0267715803379533
29,11,0.148096014918328,0.0332924660593008
29,12,0.219771338264634,0.0494053119796471
29,13,0.0960111934647189,0.0215836287120886
29,14,0.148709450684008,0.0334303684155509
29,15,0.328794582794436,0.0739140921124884
29,16,0.645031384698271,0.238671534705681
29,17,0.0692510636468331,0.012852942557569
29,18,0.129572397901599,0.0185852479634234
29,19,0.137796296105281,0.0713168250647248
29,20,0.108681639836805,0.0155887770709658
29,21,0.0383592282061276,0.00135660984440903
29,22,0.188767689546522,0.035138126440069
29,23,0.301451192622203,0.0561135761491538
29,24,0.138629752710747,0.0258052095186832
29,25,0.217845670744011,0.0405508418385244
29,26,0.723732018176404,0.518961070957888
29,27,0.476583681792253,0.363171094042524
29,28,0.0668994926665124,0.0279712660048618
29,29,0.259802939448422,0.20855871212413
29,30,0.975363539593427,0.404557501235129
29,31,0.00800627803639874,0.00661690818535179
29,32,0.98742267192753,0.249345498381906
29,33,0.0477379753200221,0.0142017396141547
29,34,3.28934954960589e-08,1.02743099479169e-08
30,1,0.949775559102859,0.0725572098746966
30,2,0.416325511165741,0.10594670398808
30,3,0.96452607578507,0.216828600412333
30,4,0.0802838533498562,0.0180480714773723
30,5,0.154584877625475,0.0347511835106806
30,6,0.213680682982104,0.0480361128530916
30,7,0.518545041019625,0.116570612571076
30,8,0.726653467063302,0.163354063932238
30,9,0.232734050799248,0.0523193719382023
30,10,0.0886170125338507,0.0199213927781033
30,11,0.0884719392702167,0.0198887798363688
30,12,0.359414379344516,0.0807975220140182
30,13,0.341106611718119,0.0766818762779764
30,14,0.0354499939666676,0.00796927399828124
30,15,0.245508359326916,0.0551910780629281
30,16,0.60431902015385,0.223607333555438
30,17,0.0086802553373881,0.00161104851479899
30,18,0.134020043509137,0.01922319707765
30,19,0.134014696719246,0.0693596486419806
30,20,0.134013789715147,0.0192223000632093
30,21,0.0944343883114293,0.00333976012618432
30,22,0.0661188840404625,0.0123076873646719
30,23,0.106476272899953,0.0198200060032191
30,24,0.0549840245713484,0.0102349910210441
30,25,0.118065845718219,0.0219773448786003
30,26,0.843288232925543,0.604690346003947
30,27,0.807794865040643,0.615563973561782
30,28,0.359414379344516,0.150274311656329
30,29,0.138821276083347,0.111439795934715
30,30,0.999667366321378,0.414638148104101
30,31,0.00138485082618361,0.00114453067025727
30,32,0.999999997410428,0.252521544040978
30,33,0.0322439344590593,0.00959236243794716
30,34,9.95033197286537e-09,3.10799424725582e-09
31,1,0.570090640436454,0.043551537886298
31,2,0.137620463175857,0.0350217175833611
31,3,0.577599094549244,0.129846155966914
31,4,0.15122431957847,0.0339957191264302
31,5,0.132615047667766,0.0298122942461787
31,6,0.21864283313211,0.0491516203536906
31,7,0.35702983898806,0.0802614695825728
31,8,0.680222204662037,0.152916165056721
31,9,0.139652843468456,0.0313944136432198
31,10,0.120009550352384,0.0269785374312881
31,11,0.135911252153787,0.0305532917405129
31,12,0.14398009227268,0.0323671932553127
31,13,0.425502329709788,0.0956543083068699
31,14,0.0545084087932385,0.0122536676675343
31,15,0.1997955818311,0.0449146969321116
31,16,0.58701716574984,0.217205381275564
31,17,0.0969016268374509,0.0179848651831314
31,18,0.156223341174949,0.0224079324025159
31,19,0.134419326831456,0.0695690659902261
31,20,0.0514336259961471,0.00737739447812273
31,21,0.0286328260620568,0.00101262657059489
31,22,0.238073435740162,0.0443161353892494
31,23,0.181048996909827,0.0337013318356969
31,24,0.243213653065621,0.0452729601866779
31,25,0.262807562222831,0.0489202647602267
31,26,0.68559721505449,0.491616034712589
31,27,0.59044261861916,0.449935027080356
31,28,0.116089012504487,0.0485378366797414
31,29,0.296463497605435,0.237988243642176
31,30,0.974446726658319,0.404177229126248
31,31,0.125060882801745,0.103358436381559
31,32,0.986404562761842,0.249088403882718
31,33,0.0507736706987397,0.0151048394005915
31,34,0.00104877036229304,0.000327584271719581
32,1,0.713877341896831,0.054535987607141
32,2,0.247702242779205,0.0630353785417307
32,3,0.637242254164799,0.143254132327827
32,4,0.216091442123746,0.0485780593527628
32,5,0.133173668911832,0.029937874119603
32,6,0.228671662981063,0.0514061339376307
32,7,0.644524821097684,0.144891277071872
32,8,0.674139121436709,0.151548668153264
32,9,0.193485412313193,0.0434961502911419
32,10,0.146312069420999,0.032891429306528
32,11,0.183633727464226,0.0412814594796301
32,12,0.178169307632218,0.0400530401201271
32,13,0.199223661940138,0.0447861274795911
32,14,0.0951821118461202,0.0213972484663891
32,15,0.205924116422672,0.0462924114505992
32,16,0.697937629822604,0.258247659246111
32,17,0.110731491501435,0.0205516771098283
32,18,0.0977180487442162,0.0140162117536203
32,19,0.194655492439474,0.10074444738041
32,20,0.0125146839765614,0.00179504669709755
32,21,0.0687027500432102,0.0024297367649254
32,22,0.183043421278915,0.034072583588709
32,23,0.181597534774222,0.0338034393143794
32,24,0.188327576980065,0.0350562017682929
32,25,0.154710302518541,0.0287985204699879
32,26,0.705722972730659,0.506047460288841
32,27,0.413157995888129,0.31483881448655
32,28,0.076220308382704,0.0318683809961448
32,29,0.252682994669363,0.202843124314893
32,30,0.972159997998388,0.403228748692942
32,31,0.0388896029888378,0.0321408938300711
32,32,0.991518181798247,0.250379702860773
32,33,0.0776597205863577,0.0231032657518862
32,34,0.379426856703252,0.118514285865427
33,1,0.803979683496344,0.0614192711860664
33,2,0.155139756447375,0.0394800352423503
33,3,0.876078014875645,0.196945188509171
33,4,0.332440370259556,0.07473367699807
33,5,0.127232855749558,0.0286023599892683
33,6,0.177668679370098,0.039940497257754
33,7,0.795500293634603,0.178831054573611
33,8,0.58262259794294,0.130975455876338
33,9,0.264576648579992,0.0594776915353909
33,10,0.143728056770776,0.0323105348543591
33,11,0.198667711999037,0.0446611481237659
33,12,0.126507748474965,0.0284393535144348
33,13,0.209117394697073,0.0470102707976385
33,14,0.0544808095822685,0.0122474632751001
33,15,0.181723200045869,0.0408519666991112
33,16,0.624544521802258,0.231091080289523
33,17,0.107576615179609,0.019966134563544
33,18,0.153554482928258,0.0220251240799313
33,19,0.175141411524641,0.0906448849521223
33,20,0.180435746442953,0.0258808445580701
33,21,0.0591833473917561,0.00209307422102695
33,22,0.154041491248967,0.0286740247206819
33,23,0.114116136722486,0.0212421270326492
33,24,0.153243117394895,0.0285254115681968
33,25,0.157947745169028,0.0294011536296592
33,26,0.656018446488658,0.470406209767691
33,27,0.604667463013943,0.460774786179976
33,28,0.0997221279675187,0.0416946983717051
33,29,0.152901122773016,0.122742495968582
33,30,0.947342505627965,0.39293504558355
33,31,0.0129678908921154,0.0107175073112229
33,32,0.991328395746061,0.250331777793713
33,33,0.0773272586864329,0.0230043604819684
33,34,2.56647219942091e-07,8.01639669238613e-08
34,1,0.851025032274028,0.0650132563251608
34,2,0.405061499782957,0.103080233287429
34,3,0.843678718056085,0.189661721156553
34,4,0.111733020073716,0.0251179464927453
34,5,0.132762212478603,0.0298453773745304
34,6,0.23322758603501,0.0524303202651695
34,7,0.511809666427357,0.115056478445769
34,8,0.586162771399941,0.131771298389226
34,9,0.198002716197492,0.0445116549036768
34,10,0.143914057844308,0.0323523485009381
34,11,0.168106437094486,0.037790874078581
34,12,0.150794111332312,0.0338990069127926
34,13,0.156467703876328,0.0351744489786045
34,14,0.0690362151266883,0.0155195658048961
34,15,0.200368313919974,0.0450434489693654
34,16,0.572538243674377,0.211847957381762
34,17,0.0887095126280426,0.0164644152750182
34,18,0.131730989903366,0.0188948661248097
34,19,0.239477509728606,0.123942196931056
34,20,0.127595949338428,0.0183017555898288
34,21,0.0631444807503311,0.00223316339280026
34,22,0.235144179152243,0.0437708694668398
34,23,0.213788013200679,0.0397955299302703
34,24,0.215792250542217,0.0401686083172128
34,25,0.133124444226493,0.0247804248954459
34,26,0.742573284530562,0.53247143600985
34,27,0.768821424351021,0.58586504001747
34,28,0.070388954757076,0.0294302407811816
34,29,0.23285938245579,0.186929574446333
34,30,0.96881611469073,0.401841785760196
34,31,0.0105612463370894,0.00872849993688666
34,32,0.984113634386043,0.248509895110476
34,33,0.0773524115105535,0.0230118432848381
34,34,3.47444578511227e-08,1.08524595380123e-08
35,1,0.793899864818897,0.0606492329256913
35,2,0.741385041506791,0.188667999983409
35,3,0.80445147939534,0.180843310259858
35,4,0.0346316094770817,0.00778529850199242
35,5,0.238765177639162,0.0536751888771518
35,6,0.261377227909148,0.0587584513576438
35,7,0.778709072821874,0.175056333496138
35,8,0.73338614618608,0.164867592107233
35,9,0.268211048948213,0.0602947165645358
35,10,0.214427877358635,0.0482040845803124
35,11,0.213569029598099,0.0480110128090462
35,12,0.126995379727287,0.0285489746067128
35,13,0.1966404471068,0.0442054123792542
35,14,0.0493783623019091,0.0111004165230696
35,15,0.237057511801915,0.0532913000401799
35,16,0.71531824074021,0.264678752647508
35,17,0.0928752942957611,0.0172375810527399
35,18,0.100299351771749,0.01438646157235
35,19,0.395634100538299,0.204761439423394
35,20,0.12059936808101,0.0172981992794477
35,21,0.048705765372211,0.00172252477105008
35,22,0.309081850933777,0.0575339836204598
35,23,0.140351542240212,0.0261257117102121
35,24,0.170743395403696,0.0317829975612599
35,25,0.346444312517841,0.0644888120786929
35,26,0.787559154021796,0.564729114850656
35,27,0.711567811186298,0.542236065452656
35,28,0.0690065074199084,0.0288522273962612
35,29,0.383656376852841,0.307982965953022
35,30,0.959256633222833,0.39787674116014
35,31,0.0144771204502908,0.011964832644126
35,32,0.981204022151777,0.247775155334616
35,33,0.0705539057046152,0.0209893316769619
35,34,9.37841484961696e-09,2.92935547079987e-09
36,1,0.926068812640089,0.0707461552923169
36,2,0.547214057667158,0.13925528037771
36,3,0.926543094452803,0.208289902611903
36,4,0.0867024253274346,0.0194909873440184
36,5,0.199495256393395,0.044847182796454
36,6,0.224717526636888,0.0505172312206677
36,7,0.755769899467878,0.1698995326819
36,8,0.81633487287406,0.183514735782535
36,9,0.153438275498834,0.034493423621559
36,10,0.135986496808572,0.0305702069837553
36,11,0.165595115432335,0.0372263207970679
36,12,0.0820588267261339,0.0184470912681376
36,13,0.193461017164031,0.0434906661822285
36,14,0.0351557765143068,0.00790313295760449
36,15,0.17441913148399,0.0392099883189014
36,16,0.526482711173912,0.194806701895078
36,17,0.097404512352621,0.0180782003364003
36,18,0.196009434526141,0.028114660242726
36,19,0.404301002209191,0.209247016523695
36,20,0.4099561877517,0.0588021640943261
36,21,0.214296539702091,0.00757879678445163
36,22,0.100096437352208,0.0186324327025019
36,23,0.314680028582776,0.0585760553570851
36,24,0.191500499766426,0.035646824889864
36,25,0.316167758940298,0.0588529886476123
36,26,0.751726998726262,0.539035220950874
36,27,0.53766909073849,0.409720012196021
36,28,0.0598068953313556,0.0250057887072088
36,29,0.234167466715553,0.187979648664682
36,30,0.999194572142019,0.414442044370431
36,31,0.0674125867250234,0.0557141401870657
36,32,0.938837599884646,0.237076720940524
36,33,0.0624849820913321,0.0185888789691511
36,34,0.392088390680838,0.122469126253776
37,1,0.930636483853405,0.0710950982354016
37,2,0.37473776923145,0.095363436650204
37,3,0.962724169676603,0.216423526055732
37,4,0.0392395836267268,0.00882118608521873
37,5,0.143564298730075,0.0322737215139396
37,6,0.334193314365404,0.0751277445371593
37,7,0.436781541022266,0.0981899117125621
37,8,0.609090939980387,0.136925625294561
37,9,0.166895865791601,0.0375187337104834
37,10,0.0991593836164668,0.0222913521024384
37,11,0.168292662722386,0.0378327382057125
37,12,0.1826722148396,0.041065308312844
37,13,0.179699525058953,0.0403970379769975
37,14,0.0952643593302518,0.0214157379684559
37,15,0.18591413766448,0.0417941031131208
37,16,0.467914970487341,0.173135736907154
37,17,0.0463681066017647,0.00860588385609543
37,18,0.222734964297511,0.0319480430140471
37,19,0.232160544455004,0.12015528286173
37,20,0.222517982950081,0.0319169202424481
37,21,0.152202156746566,0.00538277107853003
37,22,0.259830455755728,0.0483660918309616
37,23,0.218932808048012,0.0407532068096562
37,24,0.220830470523128,0.0411064468379227
37,25,0.22088713644181,0.0411169949048101
37,26,0.643803392771736,0.461647253137978
37,27,0.83988631215487,0.640018621094095
37,28,0.19714177199956,0.0824267079685909
37,29,0.213523335879237,0.17140742146323
37,30,0.839920846942933,0.348379107154414
37,31,0.0102618101182548,0.0084810263969484
37,32,0.996905282988339,0.251740061974722
37,33,0.196256073210738,0.0583849153792324
37,34,0.397066616602815,0.124024079150749
38,1,0.831150589653036,0.0634949669876714
38,2,0.592007347132414,0.150654296898076
38,3,0.95680004189087,0.215091762852339
38,4,0.277165886404835,0.0623077931638997
38,5,0.231652491045042,0.0520762337860525
38,6,0.147083562144925,0.0330648633813101
38,7,0.757188570504143,0.170218454547219
38,8,0.94627795900881,0.212726364381507
38,9,0.380908840034225,0.0856295467202182
38,10,0.121985260728132,0.027422683552734
38,11,0.290230023719936,0.0652446537431456
38,12,0.325232937712688,0.0731134227084888
38,13,0.360602991520015,0.0810647258988244
38,14,0.107627522312365,0.0241950172366698
38,15,0.450275571294207,0.101223413627381
38,16,0.82781509525161,0.306304319329596
38,17,0.0792294154019902,0.0147049167392553
38,18,0.124893497513978,0.0179141287643627
38,19,0.293799273671671,0.152056564630569
38,20,0.105407316672382,0.0151191237427207
38,21,0.0977726640316441,0.00345782135726695
38,22,0.174270153796428,0.0324394853459284
38,23,0.282017949659428,0.0524961787544674
38,24,0.167267664953876,0.0311360083635282
38,25,0.251417552465863,0.0468000735137511
38,26,0.824014564973269,0.590869921992582
38,27,0.791668142084219,0.603274925818099
38,28,0.13992131458976,0.0585023316940524
38,29,0.307527071505644,0.246869608606778
38,30,0.986064734152315,0.408996101157349
38,31,0.0364897746018832,0.0301575197797462
38,32,0.987478496640165,0.249359595324573
38,33,0.115446652890037,0.0343446342807577
38,34,0.446572253800567,0.13948720500795
39,1,0.896375004160708,0.0684777247424167
39,2,0.476659516814762,0.121300528977122
39,3,0.865665087071382,0.194604328455019
39,4,0.114660259281286,0.0257759993918678
39,5,0.295228097821342,0.0663682370649164
39,6,0.234975074348658,0.0528231613244189
39,7,0.370735451716626,0.083342535922132
39,8,0.779432283848874,0.175218913688343
39,9,0.246339520530508,0.055377925806101
39,10,0.206963940057106,0.0465261671872147
39,11,0.290959516783484,0.0654086461576079
39,12,0.31548817696921,0.0709227687838226
39,13,0.203105601800704,0.045658800192111
39,14,0.286012868570535,0.0642966235429026
39,15,0.442937639620346,0.0995738227094065
39,16,0.718294704953696,0.265780090192753
39,17,0.109891476077717,0.0203957709125809
39,18,0.109627704442974,0.0157244760746102
39,19,0.236023339360936,0.12215448223322
39,20,0.0516548825738588,0.00740913046840232
39,21,0.0561567180187004,0.00198603465336931
39,22,0.224855645502961,0.0418557122854395
39,23,0.447083794768255,0.083222329772708
39,24,0.230681872772612,0.0429402342762599
39,25,0.132957899702038,0.024749423495936
39,26,0.78955847644216,0.56616275393032
39,27,0.726057393077594,0.553277562483967
39,28,0.0765949588690715,0.0320250256580898
39,29,0.247332482071435,0.198547961146235
39,30,0.964381712848939,0.400002501784772
39,31,0.0274822005144052,0.0227130755025643
39,32,0.981392572775727,0.247822768429429
39,33,0.0659727815779963,0.0196264768103653
39,34,5.55929181286857e-08,1.73644929840831e-08
40,1,0.580548614485731,0.0443504649703706
40,2,0.193864405289743,0.0493347013579498
40,3,0.718755193340297,0.161578506298259
40,4,0.0973402134294294,0.0218823967247975
40,5,0.12770202885257,0.0287078316295187
40,6,0.215144027014622,0.0483650773533352
40,7,0.250071473401656,0.0562168809553407
40,8,0.551560584716793,0.123992614227052
40,9,0.192847960637698,0.0433528490802177
40,10,0.111456027025612,0.0250556775541938
40,11,0.110674620310541,0.024880014781942
40,12,0.0725417978859723,0.0163076322163785
40,13,0.10476857645695,0.0235523169053391
40,14,0.0737852836168333,0.0165871718549889
40,15,0.17434600534837,0.0391935493256608
40,16,0.568744298332502,0.210444139243892
40,17,0.0648965628174686,0.0120447506529344
40,18,0.0780309640635081,0.0111923900416401
40,19,0.0875701977459228,0.0453221795508768
40,20,0.0861173967695096,0.0123522694558862
40,21,0.112213402835639,0.00396853153935841
40,22,0.14506070213318,0.0270022974020915
40,23,0.19500883106722,0.0362998825669331
40,24,0.186985853485804,0.034806446898155
40,25,0.126065075802973,0.0234663600740319
40,26,0.727545131789146,0.521695311636003
40,27,0.611136324270359,0.465704252944065
40,28,0.139641924056563,0.0583855160559689
40,29,0.177694161836022,0.142645289630585
40,30,0.895533620637264,0.371445957461235
40,31,0.0230840734125105,0.0190781776026364
40,32,0.989595625000965,0.249894215848559
40,33,0.0694745113917929,0.0206682188340117
40,34,8.80286623972231e-08,2.74958239655002e-08
41,1,0.871885331603228,0.0666068592579499
41,2,0.370976488621135,0.0944062642628544
41,3,0.883008142099614,0.19850310365981
41,4,0.0582070729624193,0.01308513940825
41,5,0.0906125811316342,0.0203700030924818
41,6,0.296970200763903,0.0667598674752214
41,7,0.420702597081671,0.0945753127936994
41,8,0.758392511526649,0.170489104406713
41,9,0.277571194972356,0.062398907848756
41,10,0.16584991685212,0.0372836009853615
41,11,0.120223328003316,0.0270265953428519
41,12,0.0737081628676545,0.016569834859622
41,13,0.113940758313084,0.0256142532329538
41,14,0.38968501376051,0.0876024591316291
41,15,0.108764683926877,0.0244506548679456
41,16,0.550229897217767,0.203593526028727
41,17,0.0199635697978307,0.00370522274089679
41,18,0.169115707389995,0.0242571520420556
41,19,0.215882552441095,0.111730566511053
41,20,0.14996814898458,0.0215107174107461
41,21,0.0421304305760736,0.00148998192981272
41,22,0.143854775250973,0.0267778203670318
41,23,0.253741351846087,0.0472326367169127
41,24,0.233864215903103,0.043532610946036
41,25,0.204537435672668,0.0380735828978955
41,26,0.666836328709463,0.478163307148778
41,27,0.561756986034655,0.428075712615707
41,28,0.0579797608197019,0.0242418477053406
41,29,0.260947044603014,0.209477150915019
41,30,0.9947082019209,0.412581205152442
41,31,0.0243749705799158,0.0201450588668916
41,32,0.973539919927135,0.24583980440215
41,33,0.0844199617069305,0.0251143938627806
41,34,2.54449284540973e-08,7.94774400219303e-09
42,1,0.854054323412955,0.0652446761704412
42,2,0.315723231830863,0.0803453905365601
42,3,0.787465006024454,0.177024695771957
42,4,0.0913765544418519,0.0205417467785943
42,5,0.0777759517411972,0.0174842870350131
42,6,0.191518195507999,0.0430539135519947
42,7,0.301480317992027,0.0677737565040627
42,8,0.393902025324955,0.0885504570535069
42,9,0.157994005472398,0.0355175665439991
42,10,0.0554135698067357,0.0124571508087699
42,11,0.105555387403538,0.0237291945664214
42,12,0.0191658920253872,0.00430855489327863
42,13,0.0692446985767805,0.0155664335628837
42,14,0.0353683910231955,0.00795092939105206
42,15,0.268129242312184,0.0602763261665571
42,16,0.447837327015496,0.165706699972865
42,17,0.0260226379812754,0.0048297809962236
42,18,0.140279634240941,0.0201210429752652
42,19,0.133143784816742,0.0689089059620016
42,20,0.0984635221643832,0.0141231389124004
42,21,0.037003719979383,0.0013086710330571
42,22,0.140114982004612,0.0260816772491813
42,23,0.104561755461264,0.0194636285108951
42,24,0.0982194940767503,0.0182830494457999
42,25,0.134717857836094,0.0250770305752632
42,26,0.730493165361478,0.523809235880743
42,27,0.68755921533214,0.52394079359192
42,28,0.029124413171552,0.0121771731830302
42,29,0.140568543990399,0.112842428041974
42,30,0.941028559108839,0.390316171365867
42,31,0.00522058740826683,0.00431463251676473
42,32,0.999654915364162,0.252434403389608
42,33,0.0567003349133251,0.0168679837608587
42,34,6.19427740599812e-09,1.93478756249024e-09
43,1,0.812830618854967,0.0620954300619693
43,2,0.481699512037495,0.122583109236182
43,3,0.8353499420985,0.187789385219382
43,4,0.197881537767281,0.0444844135982497
43,5,0.205739640490899,0.0462509406608505
43,6,0.254084787539026,0.057119087032779
43,7,0.714559005629246,0.160635189646385
43,8,0.734309613753068,0.165075190621263
43,9,0.312930101766335,0.0703477051542184
43,10,0.237137169969601,0.0533092074554839
43,11,0.24110721658756,0.0542016868537657
43,12,0.116223960924785,0.0261275246096244
43,13,0.192372099118814,0.0432458738623153
43,14,0.110766144120582,0.0249005896322584
43,15,0.215271129917192,0.0483936504994267
43,16,0.662379592022663,0.245090638279132
43,17,0.0870775576705585,0.0161615257276163
43,18,0.0832760496080584,0.0119447201444515
43,19,0.209775411978151,0.10856980036311
43,20,0.025499158901833,0.00365747797157542
43,21,0.113311871710056,0.00400737991453435
43,22,0.301963082137394,0.0562088617276939
43,23,0.382373655545208,0.0711768729498998
43,24,0.204794899079998,0.0381215083759377
43,25,0.283247641209435,0.0527250794591919
43,26,0.725294983305873,0.520081814599302
43,27,0.783433667307099,0.597000008467958
43,28,0.119014794994718,0.0497611320597911
43,29,0.323401850588864,0.259613203763478
43,30,0.951665434841847,0.394728093375262
43,31,0.0666865293832262,0.0551140792416263
43,32,0.995606139974896,0.251412000374188
43,33,0.123398744300012,0.0367103301619792
43,34,0.131687763491257,0.0411327795375002
